state,et_total_population,em_total_pop_median_age,e_total_pop_race_white,e_total_pop_race_black,e_total_pop_race_native_pop,e_total_pop_race_asian,e_total_pop_race_pacific_islander,e_total_pop_race_other_race,e_total_pop_race_two_or_more_races,e_total_pop_race_hispanic,e_total_pop_in_households_householder_parent,e_total_pop_over_30_responsible_for_grandchildren_live_together_and_responsible,e_total_households_type_nonfamily_householder_living_alone,e_total_housing_units_more_than_one_occupant_per_room,e_total_pop_poverty_status_below_100_percent,em_total_housing_units_avg_household_size_owned,e_total_pop_over_16_employment_status_in_civilian_labor_force_employed,em_total_households_with_income_mean_earnings,cdc_svi_overall_ranking,pop_density,et_over_60_population,em_over_60_pop_median_age,e_over_60_race_white,e_over_60_race_black,e_over_60_race_native_pop,e_over_60_race_asian,e_over_60_race_pacific_islander,e_over_60_race_other_race,e_over_60_race__two_or_more_races,e_over_60_race_hispanic,e_over_60_households_type_family,e_total_pop_over_60_responsible_for_grandchildren_live_together,e_pop_over_60_disability_status_yes,e_over_60_pop_employment_status_in_civilian_labor_force,e_over_60_pop_poverty_status_below_100_percent,em_over_60_housing_units_avg_household_size_owned,date,positive,negative,hospitalized_currently,in_icu_currently,on_ventilator_currently,hospitalized_cumulative,in_icu_cumulative,on_ventilator_cumulative,recovered,death_increase,death,hospitalized_increase,hospitalized,positive_increase,negative_increase,positive_tests_viral,negative_tests_viral,total_test_results_increase,data_quality_grade,cases_white,cases_black,cases_latinx,cases_asian,cases_aian,cases_nhpi,cases_multiracial,cases_other,cases_unknown,deaths_white,deaths_black,deaths_latinx,deaths_asian,deaths_asian,deaths_aian,deaths_nhpi,deaths_multiracial,deaths_other,deaths_unknown
AK,557449,140.10000000000002,396264.419,22554.081,39567.345,33837.791,7790.081999999999,9047.712,48432.814000000006,42271.723999999995,5845.592999999999,3538.191,49692.024000000005,9470.142,51583.889,11.54,265364.204,364528.0,0.38232499999999997,48.73652588224999,90959,270.20000000000005,74872.50200000001,2793.915,4809.447,4903.4310000000005,378.577,588.587,2563.987,2711.834,30616.228999999996,5681.107,28589.072,32338.394999999997,5317.758,8.83,20200715,1631.0,154462.0,46.0,,4.0,48.0,,,669.0,2,17.0,48,48.0,94,7621,,,7667,,,39.0,,65.0,204.0,53.0,43.0,36.0,519.0,11.0,0.0,,2.0,2.0,3.0,1.0,0.0,0.0,10.0
AL,4365123,1514.6000000000004,3020800.948999999,1104898.2519999999,22382.583000000002,62464.694,1561.7419999999997,68007.34599999999,85330.03199999998,193970.21900000007,43911.143000000004,53629.44900000001,487431.322,28977.589,717465.685,97.99,1898097.1359999997,2489407.0,0.6336763157894737,143.26506387789476,964796,2644.9999999999995,756036.0020000002,184679.74999999997,4601.965,8348.498,212.30200000000002,2246.3389999999995,8367.207,11392.277999999997,345011.95699999994,49554.487,343064.92999999993,235925.198,101119.92399999998,76.88,20200715,59067.0,481982.0,1362.0,,,7291.0,941.0,514.0,29736.0,47,1211.0,3656,7291.0,2212,20378,,,21712,,,18335.0,,232.0,,,,3417.0,17855.0,593.0,516.0,,5.0,5.0,,,,23.0,75.0
AR,2222771,935.0,1709662.966,329248.09799999994,15186.25,40548.71599999999,7567.287,60933.361,59545.058,178873.967,23200.481,25681.676000000003,239917.22900000005,22622.780000000002,353466.794,61.43000000000001,996327.7849999999,1540290.0,0.6481083333333334,126.31042893208331,467582,1672.9999999999995,405670.281,46126.441,2397.051,4785.277999999999,188.821,2952.868,5235.2480000000005,9797.999000000002,163402.907,21903.104000000003,166006.18999999997,120498.78300000001,46671.198,47.41,20200715,30297.0,365479.0,458.0,,94.0,1948.0,43.0,284.0,23523.0,15,335.0,389,1948.0,1564,14718,,,15133,,,6444.0,125.0,425.0,78.0,1832.0,32.0,4138.0,2707.0,188.0,87.0,,6.0,6.0,0.0,29.0,,23.0,22.0
AZ,6937181,569.3,5354204.046999999,306180.393,307143.60500000004,230787.17100000006,13442.952,472709.22000000003,251746.28200000004,2158374.255,109054.881,63032.251999999986,689375.6680000001,113603.86300000001,1089859.8949999998,37.66,3042342.2060000002,865561.0,0.8623,59.96195357714286,1565450,982.7,1388062.685,41095.981,39851.096,36018.494999999995,1402.1689999999999,41810.84399999999,19407.305999999997,213332.471,541598.117,87792.73400000001,477453.635,378430.2430000001,153730.084,30.02,20200715,131354.0,604608.0,3517.0,970.0,674.0,6103.0,,,16155.0,117,2434.0,161,6103.0,4877,16251,12089.0,,20933,,,2882.0,30361.0,968.0,8322.0,67.0,,2508.0,65081.0,970.0,69.0,601.0,27.0,27.0,353.0,2.0,,48.0,366.0
CA,38965115,1816.2,23378152.981999997,2264668.0970000005,289037.58699999994,5604521.030000001,153905.73799999992,5406659.319000001,1873557.0129999998,15175069.753999993,847888.7429999998,255765.07400000005,3063252.3560000006,1062619.5490000003,5460531.147,132.48000000000002,18236997.171,4246436.0,0.6400872340425533,870.9137679756168,7461151,3258.1000000000004,5177252.369,410756.60699999996,47310.29800000001,1149731.895,21863.198,501281.91800000006,152199.63,1573939.0019999996,2471547.144,650313.1860000001,2190645.823000001,2190511.785,774084.2260000001,102.39999999999999,20200715,347634.0,5445642.0,8353.0,2110.0,,,,,,149,7227.0,0,,11694,163092,,,165227,,,9697.0,122179.0,13167.0,482.0,1348.0,1621.0,35554.0,124058.0,2190.0,621.0,3091.0,949.0,949.0,25.0,34.0,41.0,87.0,251.0
CO,5086148,784.0999999999999,4246680.633,223316.87900000002,50214.132000000005,170002.67200000002,7086.3009999999995,202929.05200000005,186857.50900000002,1092594.9289999998,52978.299000000006,31531.037999999997,526479.882,50984.64599999999,535276.4240000002,51.699999999999996,2619542.2679999997,1707330.0,0.357225,509.4432269414998,958565,1373.4999999999998,865549.92,30088.224000000002,7173.4400000000005,24209.205000000005,847.655,19105.525999999998,11626.107999999998,101758.20299999996,329947.49199999997,47754.77900000002,257805.46600000001,313785.836,73217.04200000002,38.89,20200715,37686.0,372304.0,1084.0,,,5963.0,,,4844.0,122,1594.0,571,5963.0,994,8337,,,8721,,,1784.0,12957.0,809.0,189.0,125.0,365.0,277.0,9787.0,1064.0,109.0,358.0,57.0,57.0,9.0,6.0,21.0,9.0,78.0
CT,3581504,333.59999999999997,2734441.128,378141.485,9027.994999999999,159257.25700000004,944.3480000000001,185726.855,113115.958,560873.1179999999,44649.134,18104.954999999998,390406.04900000006,25363.467,348327.171,20.84,1810616.842,838669.0,0.3169625,723.9049894125002,823529,556.2,721666.17,58754.044,1509.2910000000002,20033.854999999996,65.176,14578.669,6736.409000000001,51459.79000000001,276257.91199999995,35503.015999999996,208498.275,284059.178,59729.7,16.040000000000003,20200715,47636.0,556463.0,1972.0,,,13793.0,,,8351.0,245,4380.0,7758,13793.0,2265,30886,,,31109,,,6273.0,9047.0,689.0,46.0,,139.0,291.0,14392.0,3211.0,646.0,376.0,48.0,48.0,2.0,,31.0,24.0,89.0
DE,949495,124.7,654649.191,210016.636,3767.3129999999996,36663.235,219.54,17953.534,26006.011000000002,86063.58099999999,11567.05,8653.094,97504.865,5817.68,109670.04000000001,7.739999999999999,450887.10599999997,243386.0,0.5015999999999999,611.7061554,228755,209.00000000000003,184151.50200000004,35434.704000000005,912.4749999999999,5204.162,75.517,1336.665,1524.806,6224.232,82176.454,11684.417,60633.136,65615.501,16299.588000000002,6.14,20200715,13050.0,130338.0,337.0,16.0,,,,,7236.0,17,521.0,0,,458,3594,,,3661,,,3333.0,3498.0,187.0,,,295.0,623.0,1168.0,325.0,134.0,33.0,1.0,1.0,,,3.0,19.0,22.0
FL,18870447,2085.6,14286101.112000003,3028130.0069999998,53392.67200000001,503471.3989999999,11554.146000000002,504741.1389999999,486179.66800000006,4770790.282000001,411290.9000000001,135897.037,2009464.6589999998,209567.02900000004,2716263.1000000006,120.06,8469256.588000001,3306130.0,0.5926234042553191,481.54274721978715,5025786,3311.1999999999994,4331161.297,480479.33499999996,10649.980000000001,96149.027,1227.745,58616.33299999999,46651.991,780787.8720000001,1648100.242,264125.792,1458990.2180000003,1214365.8009999997,535494.806,96.53,20200715,301810.0,2434143.0,8354.0,,,19659.0,,,,133,4626.0,458,19659.0,15300,83408,376345.0,3019257.0,98708,,,42761.0,76269.0,,,,,10782.0,108894.0,2135.0,908.0,1164.0,,,,,,154.0,265.0
GA,8788033,2260.0999999999995,5065988.177000001,2814130.8749999995,30868.71699999999,392716.62300000014,3754.1099999999997,254037.56100000013,227241.00300000003,892006.4590000005,122561.907,81893.279,847691.3070000001,71236.45299999998,1294843.675,162.80000000000004,4140395.9130000006,4299037.0,0.5862933333333334,466.7642813850003,1575525,4148.699999999999,1100930.6249999995,392180.64400000015,3873.4429999999993,50685.126,434.04900000000004,11368.778999999999,15469.497,52155.35500000002,553914.547,108279.694,478011.607,455774.91000000015,156890.98599999992,126.44999999999999,20200715,127834.0,1027149.0,2786.0,,,14102.0,2702.0,,,100,3091.0,442,14102.0,4484,31085,116295.0,1038688.0,31591,,,33489.0,18261.0,1648.0,67.0,8787.0,699.0,9372.0,40637.0,1401.0,1436.0,171.0,49.0,49.0,4.0,6.0,0.0,26.0,48.0
HI,1421954,163.4,355491.69000000006,26578.243000000002,3288.0739999999996,536749.432,143105.323,15188.782,341646.36,148182.65500000003,28767.574999999997,12364.679999999998,108902.746,41322.596000000005,137226.704,12.35,677705.44,358319.0,0.43672500000000003,487.75639047,335853,276.29999999999995,95432.022,2283.8669999999997,596.2270000000001,175835.49899999995,22371.735999999997,1308.967,38095.074,11246.342,115217.60800000001,37373.883,94794.80800000002,107434.224,28405.147,10.64,20200715,1264.0,96293.0,,,,133.0,6.0,2.0,921.0,3,22.0,16,133.0,50,2978,628.0,27632.0,2978,,,10.0,,340.0,,346.0,166.0,34.0,365.0,,,,,,,,,,22.0
IA,2096240,832.4,1839739.3990000002,100333.85199999998,7456.265,64337.19299999999,2454.092,29682.294999999995,52489.45500000001,139797.818,13003.438999999998,10393.997000000003,240219.345,14758.519999999999,247947.676,55.93000000000001,1089757.55,1636092.0,0.3493318181818182,160.26865911181815,431263,1533.1,412402.13899999997,9134.266,917.1899999999998,5233.779,71.199,1666.6789999999999,1905.0649999999998,7688.145,146309.73400000003,12450.597,114578.047,135893.033,29779.362,40.48,20200715,36291.0,351021.0,417.0,164.0,109.0,193.0,,,27177.0,19,762.0,27,193.0,758,9740,,,10490,,,3269.0,345.0,2179.0,363.0,788.0,,4785.0,6718.0,609.0,38.0,,32.0,32.0,7.0,15.0,,72.0,77.0
ID,1221432,333.2,1097335.892,9624.191,16753.224,20130.605000000003,1919.2279999999998,39827.283,35491.658,142112.63400000002,11545.509999999998,7440.433999999999,120868.25600000001,10409.018999999998,155474.821,24.689999999999998,565905.729,613215.0,0.42204444444444444,131.51000674666665,249182,622.9,237226.36700000003,769.1229999999998,2478.84,3112.7999999999997,233.11299999999997,3005.1339999999996,2487.6699999999996,9728.294,88221.333,10593.822999999999,74970.983,66664.117,22033.069000000003,17.86,20200715,11718.0,122196.0,129.0,33.0,,510.0,151.0,,4393.0,6,103.0,25,510.0,577,8295,,,8330,,,165.0,,111.0,101.0,43.0,442.0,1371.0,4151.0,101.0,1.0,,2.0,2.0,1.0,2.0,,1.0,4.0
IL,12167187,2075.2999999999997,8572280.298,1806206.8659999992,32354.359000000004,687349.6469999998,1402.1319999999998,756726.8609999996,311136.6559999999,2159845.63,155862.93100000004,73613.96900000001,1340581.9799999993,117811.28900000003,1549266.410000001,131.65999999999997,5934295.3429999985,3937915.0,0.39796730769230765,353.7147690003846,2501082,3628.7999999999997,1982539.7250000003,316891.9259999999,5839.538,115419.97,126.30900000000001,60548.157000000014,20518.581000000002,190359.51999999993,847789.4359999998,130476.22600000002,695509.05,745707.9000000003,222937.14699999997,97.85999999999999,20200715,157825.0,1922908.0,5036.0,1290.0,821.0,,,,,198,7427.0,0,,4014,37940,,,38894,,,26330.0,49483.0,4373.0,228.0,390.0,,5827.0,36731.0,3219.0,1998.0,1491.0,346.0,346.0,512.0,8.0,,52.0,313.0
IN,5901404,2056.600000000001,4838958.267,612759.044,14126.088000000002,142434.712,2354.581,139050.59100000001,153067.02500000008,432424.06799999997,52066.11800000001,49558.406,649917.06,39480.366000000016,814596.6760000001,137.45000000000002,2829644.5140000004,3801022.0,0.39650566037735846,274.6448099583019,1224457,3678.8000000000006,1098744.814,90863.97200000001,2398.507,13734.874,140.30499999999998,9209.439,9154.641,30358.11499999999,423040.879,48860.77500000001,380422.28099999996,357334.503,95011.47600000001,101.36000000000003,20200715,53370.0,533219.0,1558.0,924.0,507.0,7686.0,1634.0,,39571.0,164,2785.0,4389,7686.0,949,13115,,,13540,,,6311.0,1580.0,748.0,,,,9259.0,12322.0,1682.0,371.0,5.0,13.0,13.0,,,,344.0,378.0
KS,2103379,589.1,1732036.5080000001,152195.72,16882.401,76226.791,795.2370000000001,47518.826,77729.26899999999,234755.649,15871.238,12846.814999999999,233244.802,16463.534,248446.23100000003,41.44,1047371.7170000002,1145720.0,0.43114375,262.17435684062497,421099,1115.5,379875.301,22494.38,2017.418,8256.25,171.104,4006.343,4322.488,16366.273000000001,144738.80299999999,15859.195000000002,123115.50700000001,135586.762,31327.908,30.470000000000002,20200715,20933.0,218441.0,,65.0,21.0,1393.0,418.0,160.0,948.0,17,299.0,50,1393.0,1447,11949,,,13396,,,1585.0,,837.0,143.0,,,1017.0,3861.0,207.0,64.0,,9.0,9.0,2.0,,,9.0,11.0
KY,3139622,1365.3999999999996,2638368.937,318153.91799999995,7204.840000000001,58037.060000000005,2097.541,36002.42399999999,81254.229,130694.914,29764.351,33460.56100000001,355636.04600000015,22689.91499999999,489331.92000000004,89.86000000000001,1464021.4270000001,2419046.0,0.5373657142857144,285.12704415285714,661135,2427.1000000000004,599007.6639999999,49040.876,926.2200000000001,5984.448000000001,71.796,1319.5979999999997,4794.2519999999995,7490.929000000001,229516.91700000002,30128.042999999998,225199.74100000004,176475.751,64446.736,68.64,20200715,20677.0,438510.0,525.0,333.0,,2823.0,1028.0,,5475.0,32,645.0,459,2823.0,776,39066,,,39173,,,1853.0,,465.0,71.0,38.0,836.0,,6446.0,1225.0,342.0,,8.0,8.0,0.0,,14.0,,373.0
LA,4116206,1196.5,2563746.1479999996,1311634.901,22644.648,78081.03799999999,735.966,56123.866000000016,83517.65799999998,220190.42299999998,44585.574000000015,45552.95300000001,467182.8209999998,35091.530999999995,765089.1490000001,89.43,1829727.5869999998,2286659.0,0.7635424242424244,285.5518821242424,837003,2281.2000000000003,599343.837,210360.608,3908.37,11584.485999999997,213.80700000000002,4062.4089999999997,7206.180000000001,23538.426999999996,287594.7469999999,45525.58899999999,283937.90100000007,232046.653,105911.91900000001,69.54999999999998,20200715,84131.0,917069.0,2134.0,,571.0,,,,53288.0,129,3461.0,0,,2726,45807,,,45688,,,,,,,,,,84131.0,1468.0,1671.0,27.0,23.0,23.0,4.0,5.0,,19.0,273.0
MA,6801779,497.5,5334612.639,509754.344,13934.483999999999,442706.279,284.625,285254.57000000007,214805.426,788783.6719999999,86483.45700000001,32739.717999999997,739696.942,51529.056,707148.873,31.240000000000002,3555168.895,1206431.0,0.38135,1922.6443397083337,1504212,834.6,1331809.868,74206.718,2049.633,55600.376,127.691,25518.288000000004,15050.498,69607.52,495474.2950000001,75351.346,406123.42400000006,514453.135,131557.826,24.33,20200715,112347.0,876366.0,3977.0,1089.0,289.0,11651.0,,,95390.0,252,8368.0,971,11651.0,3840,13844,,,15652,,,10550.0,21915.0,2349.0,,,,5913.0,40128.0,6284.0,686.0,576.0,217.0,217.0,,,,545.0,2982.0
MD,5343405,863.5,3156966.184,1390887.201,13606.116000000002,358824.7810000001,2099.256,238561.50299999997,183502.36900000006,556478.6919999999,75240.37000000001,40107.158,493413.07999999984,43777.01,418551.23799999995,55.98,2754849.045,2058225.0,0.3136095238095238,574.2231634390477,2159598,1942.8999999999999,1372355.2409999995,647550.6570000001,5692.119999999999,92505.86600000001,418.973,18531.183,22665.792999999998,58465.884999999995,715728.107,132152.514,606788.421,706171.4370000002,194903.14100000003,58.480000000000004,20200715,75016.0,605072.0,1711.0,611.0,,11625.0,,,5238.0,69,3341.0,296,11625.0,1784,13472,,,14114,,,21784.0,19822.0,1458.0,,,,3583.0,12975.0,1431.0,1354.0,376.0,130.0,130.0,,,,36.0,134.0
ME,1315926,689.3,1242977.909,17864.898,8003.086000000001,14673.716999999999,206.10500000000002,3034.0740000000005,29038.726,21007.162,9145.133,6653.414999999999,160938.94100000002,8330.035,158576.798,36.07,658968.896,1003814.0,0.31955333333333336,97.29003012333332,354495,1040.6000000000001,346841.66400000005,1212.067,1322.019,2139.448,32.116,239.26999999999998,2715.7119999999995,2127.548,118361.50200000001,10222.494,102393.81099999999,108471.18299999999,31246.459000000003,28.470000000000002,20200715,3578.0,124353.0,60.0,28.0,14.0,373.0,,,3079.0,5,114.0,49,373.0,78,13358,4415.0,122948.0,13436,,,826.0,,87.0,7.0,13.0,22.0,110.0,598.0,104.0,2.0,,,,,,,1.0,95.0
MI,9679772,2589.3000000000006,7560014.170999999,1370544.3070000003,47633.109999999986,304233.989,966.4499999999999,118704.56199999999,277602.0779999999,493680.9580000001,85231.51699999999,58592.82899999999,1110503.369,62637.71900000001,1413922.4569999997,151.62,4492786.061,4158067.0,0.40948524590163915,251.26610066032785,2195851,4236.599999999999,1877154.9100000001,242080.07200000001,7744.678,39024.049,211.44000000000003,8852.018,20838.418999999994,41240.060000000005,769488.6960000001,84447.15999999999,668679.9019999998,559918.865,191209.75800000006,115.42,20200715,78913.0,1289006.0,3986.0,1663.0,1441.0,,,,53867.0,169,6330.0,0,,1726,33084,98539.0,1289006.0,34133,,,21844.0,1211.0,1647.0,339.0,280.0,5277.0,4702.0,13241.0,3290.0,2500.0,36.0,80.0,80.0,27.0,19.0,111.0,122.0,331.0
MN,4886964,1492.6,4009495.8930000006,336938.498,48717.66699999997,254561.42100000006,541.5840000000001,88553.767,147574.92899999997,260874.39699999997,33726.57,18507.128000000004,537268.69,43923.597,481175.07800000015,98.63999999999999,2609676.568000001,3123934.0,0.276007894736842,289.1484987760526,989732,2573.8,924190.0930000001,26990.774999999994,5777.715,22133.392000000003,110.50200000000001,4194.094,6023.437,13329.555999999999,336982.35999999987,31230.602999999996,256543.462,314919.12000000005,69112.78899999998,69.63000000000001,20200715,43742.0,746755.0,606.0,263.0,,4495.0,1353.0,,38179.0,39,1558.0,102,4495.0,973,28331,,,28843,,,8896.0,603.0,2980.0,350.0,94.0,839.0,5177.0,6605.0,1215.0,149.0,9.0,65.0,65.0,29.0,3.0,22.0,23.0,332.0
MO,4629271,1423.6999999999998,3798331.5779999997,521566.438,19275.389,100960.53899999999,4724.371999999999,60340.992,124518.93499999998,203040.82300000006,37151.785,35809.382,517540.5510000001,29291.596999999998,574571.326,92.88,2257593.0320000006,2437045.0,0.4578361111111113,228.3542535847222,1976892,2989.5000000000005,1604337.7409999997,311256.069,4974.64,34506.56999999999,506.69800000000004,4337.078999999999,15889.064,27308.904000000002,671731.733,76682.368,586549.365,575829.042,164523.30800000002,84.33999999999999,20200715,29714.0,488233.0,1043.0,,144.0,,,,,44,1102.0,0,,1134,18591,34290.0,611600.0,19725,,,7541.0,,,,,855.0,1913.0,6007.0,643.0,380.0,,,,,,12.0,29.0,106.0
MS,1991822,929.4999999999998,1198434.199,714617.5260000001,4544.16,25447.468999999994,68.454,18312.409999999993,29820.287000000004,65192.70700000002,19560.833999999995,27819.367,211340.51299999998,17932.328,360262.7910000001,64.92999999999999,861112.182,1598464.0,0.7212919999999998,132.2357733184,405593,1729.3999999999999,290630.862,106942.46599999996,814.7820000000002,4054.9329999999995,99.716,995.9270000000001,2047.4579999999999,4371.231000000001,144668.05899999998,24137.94399999999,142843.01499999998,107750.19499999999,47885.284,51.440000000000005,20200715,38567.0,318290.0,1099.0,240.0,132.0,3629.0,,,25932.0,44,1290.0,135,3629.0,1904,16167,,,16450,,,17937.0,1693.0,124.0,1128.0,,,2531.0,4344.0,534.0,641.0,22.0,0.0,0.0,74.0,,,11.0,64.0
MT,751281,412.1,687278.4899999999,3856.721000000001,25937.224000000002,6741.308,520.886,4462.427,22393.738,29469.989999999998,4332.38,4920.7519999999995,93835.926,5794.675,95114.544,24.48,376851.33999999997,668252.0,0.28767999999999994,30.518014475,179718,690.5,172890.416,300.06500000000005,3081.3129999999996,769.9559999999999,64.344,400.411,2137.187,2560.375,61526.284,5191.995000000001,51339.208000000006,54019.929,15127.513000000003,19.05,20200715,2096.0,121662.0,37.0,,,145.0,,,915.0,3,34.0,9,145.0,144,6213,,,6269,,,12.0,,5.0,204.0,,,26.0,648.0,17.0,,,,,10.0,,,,7.0
NC,9743709,3061.7999999999993,6721598.778999998,2063110.1470000003,114097.49100000004,280589.9820000001,6493.572,304463.422,257172.092,917513.7700000003,104240.06199999999,89491.39700000003,1065547.8859999997,87809.178,1451287.3659999997,185.6800000000001,4500796.511,4849497.0,0.6518162162162163,263.55361040581084,2069955,5140.999999999999,1633347.6019999997,356535.2930000001,20396.861999999997,31400.059000000005,561.42,11894.304000000006,15589.212999999998,47319.669,728498.0789999998,101448.12900000002,641518.4830000004,557674.2230000001,197495.07100000008,146.37000000000003,20200715,91266.0,1193371.0,1142.0,,,,,,67124.0,42,1568.0,0,,2462,32404,,,34360,,,14760.0,,1168.0,698.0,193.0,,10358.0,29590.0,873.0,496.0,,22.0,22.0,23.0,4.0,,96.0,56.0
ND,407373,130.0,359241.713,16361.105,8408.572,9130.798999999999,303.571,3489.699,10427.476000000002,13644.609,1696.457,1233.212,54153.100999999995,3351.9449999999997,43082.21799999999,10.1,227273.93000000005,325571.0,0.19682499999999997,59.858676297500004,72720,277.40000000000003,70842.044,532.1009999999999,471.87600000000003,577.66,0.0,134.51100000000002,182.86100000000002,494.389,24093.009000000002,1411.938,19562.228,25749.904,5058.214,7.16,20200715,4565.0,121999.0,43.0,,,284.0,,,3760.0,5,81.0,8,284.0,134,2314,,,2379,,,,,,,,,,4565.0,,,,,,,,,,87.0
NE,1361991,403.0,1159917.419,85066.571,8263.104000000001,40843.081000000006,1470.9400000000003,27272.832000000002,39690.874,157726.984,8752.472,7002.034,154968.426,11204.929999999998,157438.92700000003,28.529999999999998,716936.7040000001,817803.0,0.4068545454545455,298.27613810636365,256186,767.1999999999999,238234.70799999998,9909.146999999999,891.48,3822.7049999999995,37.387,1820.9569999999999,1609.8970000000004,9362.33,88088.665,8983.405,70369.59,90698.44900000001,17488.061,20.369999999999997,20200715,21717.0,198026.0,211.0,81.0,56.0,1442.0,,,16205.0,17,288.0,851,1442.0,641,5214,,,5662,,,1300.0,,1200.0,245.0,33.0,,1600.0,16025.0,220.0,22.0,,17.0,17.0,8.0,0.0,,10.0,195.0
NH,932535,402.6,881478.088,9163.659,1846.179,19605.521,121.84900000000002,3501.4610000000002,17445.286,21591.048000000003,8301.180999999999,5231.224999999999,97081.329,4710.126,69815.269,22.400000000000002,499115.53,756306.0,0.16488888888888892,156.52089204111113,235525,623.6,230771.835,677.2189999999999,248.47099999999998,1807.927,36.138000000000005,212.114,1846.324,1745.92,81664.26800000001,7665.67,63281.531,80881.836,12706.074,17.55,20200715,6091.0,131018.0,126.0,,,665.0,191.0,,5101.0,19,392.0,76,665.0,165,4540,,,4596,,,314.0,611.0,162.0,,,,269.0,1954.0,326.0,8.0,11.0,3.0,3.0,,,,13.0,143.0
NJ,8881845,862.5,6032063.501,1197429.7100000002,19258.785,830893.203,1114.998,567387.9,231844.404,1768916.5080000001,150682.97900000005,46649.806,829692.8539999999,101259.20599999999,903705.986,58.2,4390372.590000002,2312895.0,0.41857142857142854,2266.4935441428574,1928202,1459.6000000000001,1514580.7250000003,203996.088,3250.313999999999,132799.27000000002,0.0,54027.619,18911.576999999997,201462.83599999998,658465.3259999999,120741.721,509909.2,637887.4999999999,155016.02800000002,44.63000000000001,20200715,176278.0,1566069.0,8270.0,2051.0,1705.0,20774.0,,,31400.0,1877,15607.0,16373,20774.0,4305,112073,,,113486,,,28703.0,50981.0,8552.0,,,,19956.0,138532.0,7249.0,2451.0,2700.0,738.0,738.0,,,,438.0,2959.0
NM,1700376,627.2,1229433.027,36652.417,182089.248,27177.171000000002,1573.7569999999998,164408.811,57893.056,789960.9619999999,23681.145999999997,21037.412,193991.712,22210.103,301393.49199999997,43.940000000000005,716306.3329999999,931806.0,0.8085333333333331,58.25155664918749,372632,1041.9,305939.29699999996,6704.598999999998,25382.596999999998,4710.875000000001,316.3059999999999,23690.138,5931.881999999999,116616.87699999998,125256.02299999999,20492.624000000003,125471.795,100440.275,44694.549000000006,31.930000000000003,20200715,15514.0,414492.0,223.0,,18.0,2261.0,,,6429.0,16,551.0,253,2261.0,319,10566,,,10736,,,291.0,5585.0,109.0,6789.0,,,,1037.0,98.0,4.0,59.0,1.0,1.0,236.0,,,,410.0
NV,2843467,300.20000000000005,1868074.7289999998,259851.37199999997,32247.629,233059.03899999996,18277.519,293280.23699999996,138280.456,817413.3910000001,64122.157999999996,24229.079,298718.854,43563.015,383266.07000000007,17.69,1338201.5640000002,518140.0,0.5883,116.96746608542857,578089,414.8,448242.27999999997,39705.909,4529.441,53379.25199999999,2537.5209999999997,19891.653,9661.604,68060.00899999999,185959.355,36526.401,176690.989,158514.489,53719.837999999996,11.98,20200715,30468.0,333957.0,1051.0,251.0,124.0,,,,826.0,19,618.0,0,,1104,8518,,,8957,,,1299.0,6662.0,1187.0,97.0,,,1508.0,15040.0,270.0,68.0,89.0,82.0,82.0,4.0,,,12.0,350.0
NY,12732925,2241.6000000000004,9757519.981,1260141.2570000002,51207.511999999995,648987.084,3025.3990000000003,634080.076,376067.2100000001,1670980.0669999998,148016.886,66781.50200000001,1500408.64,131893.666,1479466.0190000003,137.19000000000003,6255161.862000001,4345973.0,0.4566685185185186,1714.0086938627774,2601396,3686.7999999999997,2311464.718,158509.20600000003,7945.570999999997,69674.347,222.713,33909.569,19566.079,119796.59300000001,881417.9929999999,120358.698,683675.9230000001,790387.0380000001,189492.13100000002,103.35000000000004,20200715,404006.0,4444519.0,18825.0,5225.0,2425.0,89995.0,,,71782.0,951,25003.0,3424,89995.0,11571,78507,,,79303,,,,,,,,,,404006.0,8569.0,6324.0,6658.0,1694.0,1694.0,,,,1805.0,7929.0
OH,11362492,3043.9000000000005,9222485.689999998,1434358.4780000001,23212.995,248128.56799999994,2020.198,108022.932,321844.85999999987,425338.24000000017,92071.429,91283.82099999997,1380907.978,60905.85900000001,1600879.6520000002,192.07999999999998,5433090.7930000005,5377618.0,0.37890933333333326,335.88707061373333,2587853,5211.499999999999,2278984.1960000005,246822.50600000008,3664.282000000001,31565.011000000002,234.262,7644.543000000001,18958.442999999996,34634.361999999994,887352.0860000002,101565.74499999997,761762.9320000003,735234.9430000001,217329.47999999992,144.01999999999998,20200715,69311.0,993312.0,1078.0,424.0,281.0,9209.0,2259.0,,47303.0,138,3075.0,160,9209.0,1525,41626,,,43151,,,18416.0,,1986.0,83.0,133.0,2210.0,4920.0,8653.0,2349.0,592.0,,33.0,33.0,1.0,1.0,37.0,20.0,90.0
OK,3351171,1217.3000000000002,2417176.409,271017.49600000004,237243.756,80103.19599999998,4355.861000000001,83762.99,258648.46999999997,343893.32000000007,32414.587000000003,36196.41599999999,356834.421,34680.53400000001,509303.49900000007,83.91,1532689.8630000001,2144988.0,0.64369375,149.67075809906248,683902,2231.0,571683.167,38742.628,33705.469000000005,9673.63,176.10999999999999,5129.471,24492.695000000003,19032.685999999998,238677.1839999999,34730.273,247213.31499999994,195825.845,60678.18200000001,63.72000000000001,20200715,22813.0,424512.0,561.0,234.0,,2170.0,,,17366.0,21,432.0,89,2170.0,1075,23009,24954.0,424512.0,23867,,,1700.0,,1473.0,1595.0,,148.0,905.0,4418.0,325.0,30.0,,8.0,8.0,35.0,,6.0,11.0,23.0
OR,3917895,976.5,3301596.5089999996,76510.046,41434.829999999994,173429.058,15430.583,120972.507,188414.47599999997,493890.48000000004,40958.587999999996,21891.12,421468.47900000005,49624.292,538525.2959999999,57.43,1867392.8820000002,1605583.0,0.5930434782608696,182.32054280482606,914968,1593.2,847233.5359999998,10649.559,7018.208,26294.032,1108.183,7446.714999999999,15394.561999999998,32692.994999999995,308187.79900000006,38260.628000000004,288142.291,244845.632,80745.91600000001,45.27000000000001,20200715,12805.0,292651.0,321.0,96.0,69.0,1254.0,,69.0,3129.0,11,244.0,66,1254.0,397,10479,,292651.0,10755,,,543.0,509.0,438.0,283.0,350.0,321.0,4209.0,2100.0,184.0,6.0,,9.0,9.0,3.0,6.0,2.0,19.0,25.0
PA,12698668,2567.1,10254547.838000003,1420079.8039999993,24609.823999999997,428227.844,992.8770000000001,258272.55,308452.50499999995,902543.2,130995.843,83574.52699999999,1473552.5999999994,70659.91300000002,1568513.461999999,150.89999999999998,6111927.218000002,4457809.0,0.3694933333333333,524.6900392248333,3065492,4193.700000000002,2730980.5470000003,233105.378,4007.879,58575.94300000002,125.22800000000001,19684.103000000003,18851.436999999998,74054.80200000001,1047035.0920000001,121501.483,889494.55,890714.2679999998,249803.82600000003,114.60999999999999,20200715,97665.0,870984.0,2800.0,,685.0,1145.0,,,74436.0,554,6957.0,241,1145.0,1989,22775,,,23901,,,13200.0,,1400.0,,,,879.0,51386.0,4925.0,1469.0,,151.0,151.0,,,,335.0,2173.0
RI,1056611,214.8,854811.763,69226.568,5689.9169999999995,35948.87,926.925,58482.799,32874.01,159186.128,14088.335,6549.861000000001,126748.02,7243.542000000001,133213.076,12.66,527832.367,489510.0,0.26052,1148.4112449400002,243523,349.4,222256.227,8603.514,832.431,4147.231,0.0,5188.049999999999,2459.512,13610.917,78503.085,11554.016,68587.067,77089.38,23120.786,10.059999999999999,20200715,17640.0,158235.0,352.0,89.0,62.0,2075.0,,,1707.0,32,987.0,331,2075.0,419,6413,25734.0,271199.0,6588,,,1940.0,6717.0,,,,447.0,597.0,6979.0,656.0,51.0,85.0,,,,,0.0,13.0,194.0
SC,4693120,1340.6,3208994.3060000003,1212037.212,15180.793999999998,74460.79200000002,2970.069,74060.84899999999,105162.18099999998,262815.565,53099.069,50497.645000000004,513154.316,33416.789,713768.1590000001,83.83999999999999,2127483.7339999997,2109844.0,0.7159969696969696,192.47744943787873,1083001,2289.2,836097.2000000002,221794.19499999995,2744.4339999999997,11017.51,260.656,3835.205,7188.814999999998,17116.867000000002,389996.7450000001,56362.854000000014,342670.994,280276.322,105486.293,67.58999999999999,20200715,62245.0,463738.0,1560.0,,,3744.0,,,23849.0,41,998.0,346,3744.0,2280,14889,77107.0,448876.0,16493,,,14994.0,309.0,454.0,103.0,,,4089.0,22260.0,457.0,410.0,,9.0,9.0,2.0,1.0,,28.0,116.0
SD,389797,144.8,337981.675,12800.128,15633.372,7298.554,109.294,3747.868,12577.066,16723.521,2066.929,2085.967,46132.202999999994,2780.299,40386.92,10.58,209906.86399999997,322680.0,0.280975,97.1539123825,77296,277.7,74257.692,519.256,1248.4180000000001,482.765,0.0,231.49,488.86499999999995,839.9949999999999,25922.016,2081.1279999999997,20910.542,27681.315000000002,5925.967000000001,7.38,20200715,7652.0,85891.0,106.0,,,752.0,,,6663.0,6,111.0,18,752.0,249,3875,,,3960,,,987.0,1130.0,716.0,1236.0,,,768.0,0.0,,,,,,,,,,111.0
TN,5997804,2224.7999999999993,4582483.237,1068543.9340000004,15872.229999999998,111172.12400000001,3062.057,86485.265,130373.70000000003,335569.87500000006,65125.102000000006,66468.62999999999,654267.9929999999,45882.363000000005,924033.0289999999,137.18,2796060.577000001,3594465.0,0.5564851851851852,220.6610167351852,1293317,3756.0000000000014,1096482.9519999996,165536.707,3388.7199999999993,14152.36,345.35200000000003,3241.9980000000005,10109.503,18140.053,460352.94800000003,67051.823,433966.51200000005,355488.30000000005,123525.20199999999,108.16,20200715,69061.0,1028612.0,1282.0,,,3434.0,,,39857.0,27,783.0,119,3434.0,3314,54291,80368.0,1016685.0,54879,,,14151.0,,741.0,91.0,57.0,,10575.0,14342.0,434.0,280.0,,13.0,13.0,0.0,1.0,,50.0,23.0
TX,26170273,3602.099999999999,19282151.845,3247902.4900000007,128472.768,1296114.9950000003,25015.248,1499800.8399999999,691700.901,10276414.433,399531.92199999996,263452.295,2241026.0719999997,428920.05600000016,3935257.960000001,273.71999999999997,12295031.640999995,7236700.0,0.6704927083333333,284.7806193021876,4381458,6673.7,3543319.8300000015,445591.7649999997,18075.83199999999,179361.29400000005,1698.8199999999997,142186.655,50848.906,1043284.3520000003,1543830.6959999998,349563.4540000001,1392944.5690000001,1365916.434,462167.247,206.09,20200715,282365.0,2359834.0,10569.0,,,,,,149276.0,110,3432.0,0,,10745,66812,,,76577,,,2989.0,10534.0,651.0,,,,135.0,261534.0,315.0,94.0,211.0,14.0,14.0,,,,5.0,2797.0
UT,2157562,158.3,1833402.105,28795.216,13753.256000000001,60989.634,23970.431,127789.343,68521.394,315986.454,19501.432,12284.509999999998,124999.671,23515.699,198489.015,16.48,1056302.52,489326.0,0.20895999999999998,595.0359383491999,295871,341.5,274940.061,1940.5720000000001,1150.402,7371.595,2237.166,6230.122000000001,2048.63,21097.929,113030.326,25086.854,81445.88,101418.728,17617.32,11.169999999999998,20200715,30891.0,401189.0,289.0,88.0,,1913.0,515.0,214.0,18593.0,10,233.0,73,1913.0,867,9654,,,10250,,,775.0,12519.0,684.0,701.0,1206.0,,3860.0,3377.0,118.0,5.0,54.0,11.0,11.0,21.0,13.0,,19.0,128.0
VA,7144207,2409.8,4773999.028999999,1377515.1089999995,19575.145000000004,506754.077,5009.219,189847.624,272049.1549999999,687661.1650000003,93439.78800000006,53135.283999999985,699421.0379999998,54005.397,708981.567,151.01000000000002,3551331.171,4785734.0,0.40505593220338976,1011.9902342364408,2048858,4297.299999999999,1556958.2279999994,268226.5500000001,4608.130000000001,174230.92700000005,232.328,18581.205,26372.563999999995,94243.53499999995,710125.5420000002,133267.69700000001,515880.937,709280.2220000004,145736.60599999997,124.05999999999996,20200715,73527.0,771455.0,1625.0,469.0,302.0,10608.0,145.0,108.0,9527.0,57,1992.0,1284,10608.0,1615,42569,,,43133,,,11411.0,23832.0,2311.0,87.0,,256.0,12452.0,17826.0,1071.0,465.0,220.0,115.0,115.0,2.0,,1.0,176.0,186.0
VT,586536,488.3,552864.773,7564.18,1887.639,10402.527999999998,127.51399999999998,2316.4809999999998,11347.598000000002,11083.487000000003,3242.194,2790.788,72701.85500000001,4471.6,62089.983,26.409999999999997,308604.81100000005,809702.0,0.2214,79.04491033818182,150728,760.7,146922.88199999998,530.59,485.004,1103.158,27.41,175.308,1441.765,1304.8469999999998,49592.763,4204.689,41626.36,53652.187,11544.622999999998,20.53,20200715,1318.0,77040.0,77.0,2.0,0.0,50.0,,,1104.0,5,56.0,18,50.0,70,1689,,,1691,,,146.0,17.0,53.0,2.0,,0.0,25.0,77.0,53.0,,,2.0,2.0,,,,5.0,2.0
WA,7112821,1091.0,5386964.772,268844.89100000006,90846.966,600738.5010000002,47917.765999999996,303756.927,410934.29099999997,889637.6090000002,73777.219,42330.943999999996,731560.061,89826.847,789936.7130000001,69.97000000000001,3435835.145,2040025.0,0.5633888888888888,195.57630053092586,1428378,1733.6000000000004,1238871.523,33450.341,13638.597999999998,98947.63799999999,4345.445999999999,14389.856000000002,24205.921000000002,50008.863,487928.15699999995,68403.69300000001,430701.29500000004,413284.95100000006,112342.59000000003,49.61,20200715,42304.0,675930.0,655.0,196.0,96.0,4788.0,,,,73,1438.0,3125,4788.0,1438,21168,,,22269,,,1649.0,13279.0,1640.0,483.0,886.0,660.0,725.0,12768.0,933.0,48.0,184.0,115.0,115.0,30.0,14.0,28.0,31.0,147.0
WI,5440090,2053.3000000000006,4634001.365999999,365996.951,36330.308999999994,158626.93499999997,500.248,113094.84500000002,129917.30399999999,377261.15800000005,35307.81399999999,23893.144000000004,640733.5780000001,37011.989000000016,627357.1780000001,121.54,2804534.9439999997,3664125.0,0.22303265306122452,234.5169289489796,1187235,3266.4999999999995,1112875.7559999998,43772.42100000001,4938.309999999999,13251.034000000001,180.515,5805.2739999999985,5967.313999999998,24131.886999999995,406140.418,31354.546999999995,314849.1720000001,343957.498,89017.633,86.43000000000002,20200715,42197.0,686299.0,748.0,190.0,348.0,3923.0,810.0,,29923.0,22,834.0,337,3923.0,981,15968,,,16474,,,6752.0,,1447.0,384.0,,,4261.0,4392.0,582.0,197.0,,24.0,24.0,10.0,,0.0,11.0,14.0
WV,1388901,1019.8,1279920.4470000002,58714.81999999999,3085.561,13297.53,183.615,6237.006999999998,27127.302000000003,23508.445999999996,12304.277999999998,16890.5,168508.08999999997,8089.378000000001,228733.715,59.64999999999999,584625.2130000001,1574649.0,0.49386250000000004,163.43944905125,353085,1664.2,336035.94599999994,11043.604000000001,752.6279999999999,2201.356,48.856,489.8719999999999,2565.7439999999997,2320.302,125604.219,15686.482999999998,131833.12199999997,81066.764,33412.936,47.21,20200715,4557.0,213347.0,108.0,44.0,27.0,164.0,73.0,50.0,2999.0,6,97.0,164,164.0,246,6073,,,6097,,,324.0,,,,,,627.0,6.0,58.0,3.0,,,,,,,,56.0
WY,321628,233.0,288982.08900000004,4372.534000000001,11537.205999999998,2328.4700000000003,496.57900000000006,5039.079,8854.961000000001,33512.972,2280.082,3183.9349999999995,37146.969,2294.492,31672.742,15.169999999999998,158347.63799999998,468048.0,0.2754666666666667,12.691996167000001,71929,412.1,68267.44,635.396,1457.4569999999999,346.12399999999997,17.27,621.991,587.46,3696.62,25282.791,3043.625,22255.767,23198.173,5702.623,11.52,20200715,1985.0,40929.0,19.0,,,131.0,,,1506.0,4,22.0,11,131.0,147,2981,1780.0,57566.0,2994,,,20.0,255.0,9.0,346.0,6.0,,78.0,453.0,9.0,0.0,2.0,0.0,0.0,9.0,,,0.0,17.0
